Fecha,Evento,Categoría,Entradas Vendidas,Ubicación,Satisfacción,Total,Descuento
2024-09-25,Feria C,Cultura,9,Ambato,3.5,206.89,61.24
2024-01-08,Obra de Teatro B,Teatro,8,Manta,3.6,429.4,81.38
2024-09-22,Exposición E,Arte,3,Manta,3.8,247.19,72.12
2024-02-21,Feria C,Cultura,10,Guayaquil,4.4,937.49,67.0
2024-02-15,Conferencia D,Educación,8,Cuenca,3.6,560.58,111.06
2024-02-01,Feria C,Cultura,5,Cuenca,4.2,148.25,28.5
2024-04-05,Exposición E,Arte,10,Ambato,3.8,307.92,84.53
2024-10-22,Obra de Teatro B,Teatro,1,Manta,3.9,41.68,4.5
2024-07-16,Exposición E,Arte,5,Cuenca,4.2,363.0,22.29
2024-11-01,Exposición E,Arte,5,Quito,4.5,467.73,59.36
2024-11-20,Conferencia D,Educación,7,Quito,4.0,270.96,16.38
2024-01-25,Concierto A,Música,7,Cuenca,4.7,203.63,15.1
2024-02-02,Exposición E,Arte,4,Manta,3.6,262.39,48.61
2024-11-25,Exposición E,Arte,10,Ambato,3.9,616.26,126.23
2024-05-13,Obra de Teatro B,Teatro,4,Quito,3.1,92.77,11.62
2024-02-15,Concierto A,Música,1,Guayaquil,4.0,64.06,18.27
2024-03-21,Exposición E,Arte,6,Cuenca,3.3,518.79,146.8
2024-07-20,Obra de Teatro B,Teatro,8,Guayaquil,3.1,213.47,27.78
2024-02-26,Concierto A,Música,4,Cuenca,3.8,390.36,39.6
2024-04-09,Feria C,Cultura,1,Manta,3.9,39.06,9.78
2024-09-19,Obra de Teatro B,Teatro,8,Quito,4.5,265.34,60.45
2024-01-25,Feria C,Cultura,7,Manta,3.2,396.12,40.58
2024-11-14,Concierto A,Música,4,Guayaquil,4.2,380.13,68.78
2024-06-25,Feria C,Cultura,7,Cuenca,3.9,403.77,75.63
2024-11-28,Feria C,Cultura,7,Guayaquil,3.4,506.1,119.87
2024-09-20,Exposición E,Arte,9,Cuenca,3.5,287.53,42.5
2024-04-16,Concierto A,Música,7,Manta,4.6,477.37,58.72
2024-04-24,Conferencia D,Educación,9,Guayaquil,4.7,270.58,55.84
2024-06-16,Exposición E,Arte,3,Guayaquil,3.3,265.06,46.58
2024-07-14,Feria C,Cultura,7,Quito,4.7,208.47,41.49
2024-05-14,Conferencia D,Educación,7,Ambato,3.8,278.57,40.41
2024-07-27,Conferencia D,Educación,6,Guayaquil,3.6,599.14,90.5
2024-09-25,Concierto A,Música,2,Guayaquil,3.6,104.56,10.03
2024-10-03,Feria C,Cultura,2,Quito,3.5,95.28,21.13
2024-11-07,Feria C,Cultura,7,Ambato,3.7,474.53,135.7
2024-06-14,Exposición E,Arte,9,Cuenca,4.7,847.77,97.86
2024-04-05,Concierto A,Música,9,Manta,4.0,499.66,139.6
2024-07-19,Conferencia D,Educación,1,Cuenca,4.7,76.83,22.13
2024-08-18,Obra de Teatro B,Teatro,4,Guayaquil,3.8,269.59,55.9
2024-06-18,Obra de Teatro B,Teatro,5,Manta,3.9,196.17,41.83
2024-10-17,Exposición E,Arte,4,Cuenca,4.7,327.19,38.76
2024-03-13,Conferencia D,Educación,8,Ambato,4.1,532.73,143.39
2024-08-16,Feria C,Cultura,10,Cuenca,3.5,507.39,72.9
2024-02-09,Feria C,Cultura,2,Quito,4.3,48.52,12.75
2024-01-10,Feria C,Cultura,9,Cuenca,3.9,759.0,170.23
2024-11-07,Concierto A,Música,2,Cuenca,3.6,195.15,10.19
2024-09-27,Feria C,Cultura,2,Manta,4.6,68.46,5.96
2024-10-19,Feria C,Cultura,2,Quito,3.4,144.45,25.01
2024-08-16,Feria C,Cultura,1,Ambato,4.8,92.24,8.71
2024-06-03,Concierto A,Música,8,Quito,4.2,553.08,102.45
2024-10-09,Conferencia D,Educación,8,Quito,3.2,265.05,50.29
2024-12-11,Obra de Teatro B,Teatro,3,Cuenca,3.2,63.86,18.84
2024-02-02,Concierto A,Música,4,Guayaquil,3.9,132.03,31.95
2024-02-14,Conferencia D,Educación,5,Ambato,4.9,479.55,29.19
2024-03-23,Feria C,Cultura,10,Manta,4.8,627.09,139.06
2024-06-04,Concierto A,Música,7,Guayaquil,4.8,158.74,34.87
2024-03-03,Exposición E,Arte,9,Manta,3.8,839.86,101.43
2024-01-28,Concierto A,Música,1,Cuenca,4.0,22.86,2.34
2024-05-19,Exposición E,Arte,8,Manta,4.9,320.33,45.7
2024-04-15,Exposición E,Arte,6,Manta,3.3,514.09,31.78
2024-10-01,Exposición E,Arte,10,Cuenca,5.0,509.05,55.49
2024-12-03,Feria C,Cultura,9,Cuenca,3.2,543.43,115.82
2024-04-12,Concierto A,Música,4,Quito,4.9,295.44,20.4
2024-05-04,Concierto A,Música,7,Cuenca,3.8,160.57,19.01
2024-12-20,Obra de Teatro B,Teatro,10,Manta,4.6,755.61,64.65
2024-07-16,Concierto A,Música,1,Quito,4.1,29.21,6.91
2024-06-11,Obra de Teatro B,Teatro,7,Ambato,3.6,288.35,22.34
2024-05-02,Obra de Teatro B,Teatro,4,Quito,3.4,122.44,33.25
2024-12-06,Feria C,Cultura,9,Manta,3.3,654.7,110.0
2024-04-21,Feria C,Cultura,3,Guayaquil,4.5,287.86,31.07
2024-05-01,Exposición E,Arte,3,Manta,3.6,196.36,26.27
2024-02-18,Feria C,Cultura,8,Quito,4.4,307.67,79.31
2024-03-08,Obra de Teatro B,Teatro,10,Cuenca,3.9,276.31,72.42
2024-06-27,Feria C,Cultura,4,Quito,4.2,180.38,26.09
2024-04-21,Conferencia D,Educación,9,Quito,4.2,233.63,58.34
2024-11-07,Feria C,Cultura,5,Ambato,3.2,210.94,18.89
2024-04-22,Feria C,Cultura,7,Cuenca,3.8,627.42,177.89
2024-01-21,Concierto A,Música,9,Guayaquil,4.8,555.42,64.81
2024-05-25,Exposición E,Arte,1,Quito,3.3,75.56,9.64
2024-12-01,Concierto A,Música,4,Ambato,4.7,202.06,58.96
2024-11-19,Obra de Teatro B,Teatro,4,Guayaquil,3.3,114.39,6.9
2024-07-25,Conferencia D,Educación,10,Ambato,3.5,323.73,64.58
2024-09-02,Concierto A,Música,6,Manta,3.8,183.7,29.32
2024-03-15,Concierto A,Música,5,Cuenca,4.5,358.04,24.13
2024-01-13,Feria C,Cultura,5,Manta,4.6,240.46,54.95
2024-05-07,Feria C,Cultura,8,Guayaquil,3.3,687.75,58.69
2024-06-17,Feria C,Cultura,7,Quito,3.7,452.8,94.43
2024-04-05,Obra de Teatro B,Teatro,9,Cuenca,4.4,797.16,177.75
2024-01-15,Concierto A,Música,5,Guayaquil,3.2,296.55,38.55
2024-08-04,Conferencia D,Educación,9,Cuenca,4.2,705.01,54.82
2024-01-01,Concierto A,Música,2,Ambato,3.6,87.01,14.68
2024-08-20,Concierto A,Música,8,Ambato,4.2,170.01,31.91
2024-11-20,Conferencia D,Educación,1,Guayaquil,4.8,62.42,6.27
2024-05-04,Obra de Teatro B,Teatro,2,Ambato,3.9,163.19,9.02
2024-07-17,Feria C,Cultura,2,Guayaquil,4.2,119.21,8.1
2024-06-22,Concierto A,Música,10,Quito,3.6,513.37,40.1
2024-03-23,Conferencia D,Educación,1,Ambato,3.2,84.9,24.97
2024-01-20,Obra de Teatro B,Teatro,1,Cuenca,3.3,92.94,20.43
2024-08-02,Exposición E,Arte,7,Cuenca,4.5,576.09,148.43
2024-11-03,Obra de Teatro B,Teatro,6,Guayaquil,4.4,520.09,132.41
2024-10-02,Concierto A,Música,5,Ambato,4.7,195.33,53.17
2024-01-20,Feria C,Cultura,8,Quito,3.7,265.87,14.57
2024-06-13,Feria C,Cultura,8,Ambato,4.0,418.32,57.95
2024-06-27,Exposición E,Arte,2,Quito,3.9,98.02,13.27
2024-08-08,Exposición E,Arte,7,Guayaquil,3.6,637.98,138.94
2024-01-09,Concierto A,Música,7,Quito,4.2,635.71,64.92
2024-10-05,Obra de Teatro B,Teatro,2,Cuenca,3.1,163.56,26.12
2024-03-18,Obra de Teatro B,Teatro,10,Cuenca,4.4,388.91,54.48
2024-02-25,Exposición E,Arte,2,Cuenca,4.5,92.27,19.08
2024-05-23,Exposición E,Arte,1,Cuenca,4.8,71.93,21.05
2024-11-02,Feria C,Cultura,3,Cuenca,4.8,161.57,28.07
2024-12-09,Feria C,Cultura,2,Guayaquil,4.9,140.46,37.01
2024-03-12,Feria C,Cultura,6,Ambato,3.5,389.43,93.71
2024-10-16,Obra de Teatro B,Teatro,2,Quito,3.3,160.14,15.45
2024-02-05,Obra de Teatro B,Teatro,3,Quito,4.1,258.33,17.69
2024-03-07,Obra de Teatro B,Teatro,1,Guayaquil,4.0,94.31,21.78
2024-09-28,Obra de Teatro B,Teatro,9,Guayaquil,4.6,250.31,23.79
2024-05-14,Feria C,Cultura,9,Ambato,3.5,212.95,54.69
2024-04-12,Obra de Teatro B,Teatro,7,Guayaquil,4.0,330.12,67.26
2024-11-08,Obra de Teatro B,Teatro,10,Manta,3.5,216.19,38.75
2024-06-01,Concierto A,Música,8,Manta,4.4,245.75,23.53
2024-02-05,Feria C,Cultura,2,Quito,4.1,71.01,9.45
2024-06-27,Obra de Teatro B,Teatro,5,Guayaquil,3.9,147.7,30.15
2024-09-17,Obra de Teatro B,Teatro,4,Ambato,3.5,234.74,23.74
2024-05-16,Conferencia D,Educación,2,Guayaquil,4.7,163.52,19.93
2024-09-16,Feria C,Cultura,4,Manta,4.7,355.07,40.91
2024-05-26,Exposición E,Arte,8,Ambato,4.3,410.67,82.94
2024-12-09,Obra de Teatro B,Teatro,7,Quito,3.9,550.55,40.65
2024-09-08,Concierto A,Música,8,Ambato,3.9,210.39,41.0
2024-04-07,Obra de Teatro B,Teatro,8,Guayaquil,4.4,378.41,80.22
2024-04-14,Obra de Teatro B,Teatro,5,Quito,3.2,361.11,20.25
2024-05-20,Conferencia D,Educación,2,Cuenca,4.2,153.73,11.22
2024-03-20,Conferencia D,Educación,10,Cuenca,3.1,780.1,85.87
2024-07-03,Obra de Teatro B,Teatro,10,Manta,4.4,928.26,85.84
2024-04-25,Concierto A,Música,6,Manta,3.4,239.17,51.27
2024-09-07,Feria C,Cultura,8,Manta,4.4,249.36,31.99
2024-10-22,Obra de Teatro B,Teatro,7,Guayaquil,3.4,686.56,61.67
2024-11-13,Conferencia D,Educación,7,Cuenca,4.2,327.08,93.32
2024-01-18,Obra de Teatro B,Teatro,8,Cuenca,3.3,368.83,96.98
2024-04-16,Conferencia D,Educación,5,Quito,4.9,268.98,74.62
2024-12-25,Concierto A,Música,2,Cuenca,4.1,56.98,14.51
2024-04-21,Obra de Teatro B,Teatro,5,Manta,4.5,412.84,39.81
2024-04-03,Obra de Teatro B,Teatro,1,Guayaquil,4.1,27.73,4.13
2024-12-25,Conferencia D,Educación,3,Guayaquil,4.1,146.56,20.11
2024-03-15,Conferencia D,Educación,3,Manta,4.9,213.03,51.21
2024-09-13,Obra de Teatro B,Teatro,10,Ambato,3.7,774.27,150.58
2024-07-17,Exposición E,Arte,1,Quito,4.9,31.51,6.66
2024-08-06,Feria C,Cultura,10,Ambato,4.6,303.88,84.32
2024-03-02,Exposición E,Arte,8,Ambato,3.4,523.98,63.66
2024-06-21,Conferencia D,Educación,6,Manta,3.2,585.49,29.62
2024-10-27,Obra de Teatro B,Teatro,10,Manta,4.0,602.87,47.4
2024-04-11,Concierto A,Música,9,Ambato,3.5,872.38,251.45
2024-02-02,Exposición E,Arte,10,Cuenca,4.8,885.79,260.94
2024-05-13,Feria C,Cultura,4,Ambato,4.3,136.29,38.62
2024-01-25,Feria C,Cultura,3,Manta,4.7,147.62,33.23
2024-06-26,Obra de Teatro B,Teatro,6,Guayaquil,4.6,598.14,132.79
2024-02-18,Exposición E,Arte,2,Guayaquil,4.5,58.54,9.33
2024-07-26,Feria C,Cultura,7,Guayaquil,3.9,534.41,65.22
2024-09-20,Exposición E,Arte,4,Ambato,3.5,246.4,30.02
2024-05-16,Concierto A,Música,4,Cuenca,4.7,107.44,7.35
2024-04-18,Conferencia D,Educación,1,Quito,3.9,91.31,13.84
2024-11-25,Exposición E,Arte,6,Guayaquil,3.4,282.15,68.77
2024-10-02,Exposición E,Arte,10,Guayaquil,4.9,474.25,138.35
2024-02-01,Concierto A,Música,4,Quito,3.5,218.84,37.41
2024-03-03,Exposición E,Arte,7,Ambato,3.1,656.21,178.29
2024-08-01,Feria C,Cultura,8,Quito,4.4,520.95,63.34
2024-01-25,Feria C,Cultura,8,Cuenca,3.7,728.37,69.53
2024-04-02,Conferencia D,Educación,4,Cuenca,3.7,293.2,22.93
2024-11-11,Concierto A,Música,2,Manta,4.1,65.73,12.56
2024-12-04,Exposición E,Arte,3,Guayaquil,3.0,228.73,50.16
2024-04-03,Exposición E,Arte,6,Manta,4.9,330.51,39.13
2024-06-01,Exposición E,Arte,1,Guayaquil,3.7,53.02,9.12
2024-12-13,Obra de Teatro B,Teatro,1,Quito,4.8,78.36,7.62
2024-01-19,Exposición E,Arte,10,Cuenca,3.1,948.77,191.4
2024-11-21,Conferencia D,Educación,7,Quito,3.6,336.61,67.3
2024-09-07,Conferencia D,Educación,6,Guayaquil,3.8,540.56,149.66
2024-08-17,Conferencia D,Educación,4,Quito,4.8,294.68,78.04
2024-01-09,Feria C,Cultura,10,Guayaquil,4.5,262.35,38.89
2024-10-02,Obra de Teatro B,Teatro,10,Ambato,4.4,503.75,55.06
2024-07-01,Concierto A,Música,6,Manta,3.2,197.4,12.1
2024-02-20,Feria C,Cultura,1,Manta,3.4,96.95,22.76
2024-12-24,Conferencia D,Educación,3,Cuenca,3.3,175.71,17.03
2024-08-20,Exposición E,Arte,9,Quito,4.9,705.2,93.7
2024-05-06,Feria C,Cultura,3,Guayaquil,4.8,190.52,17.48
2024-12-09,Exposición E,Arte,1,Ambato,3.8,93.3,7.65
2024-01-11,Conferencia D,Educación,3,Manta,3.6,126.17,8.06
2024-09-24,Exposición E,Arte,3,Manta,3.0,63.27,3.53
2024-04-07,Concierto A,Música,1,Ambato,3.1,36.29,9.08
2024-03-20,Concierto A,Música,5,Cuenca,3.8,416.72,51.11
2024-07-01,Conferencia D,Educación,10,Cuenca,3.9,359.99,26.98
2024-11-08,Exposición E,Arte,4,Cuenca,4.1,321.22,94.0
2024-07-08,Feria C,Cultura,3,Quito,3.2,156.3,42.82
2024-11-19,Obra de Teatro B,Teatro,9,Manta,3.2,888.56,62.77
2024-01-15,Conferencia D,Educación,7,Ambato,4.4,233.6,44.68
2024-07-02,Exposición E,Arte,8,Manta,4.4,711.65,93.61
2024-09-20,Feria C,Cultura,1,Cuenca,4.0,35.07,10.44
2024-10-14,Conferencia D,Educación,1,Guayaquil,3.4,60.45,9.66
2024-06-22,Exposición E,Arte,3,Guayaquil,4.6,291.37,56.42
2024-03-27,Obra de Teatro B,Teatro,9,Ambato,3.5,181.25,28.92
2024-06-16,Conferencia D,Educación,3,Cuenca,3.1,187.36,50.39
2024-12-13,Exposición E,Arte,9,Ambato,4.9,298.68,41.28
2024-02-11,Feria C,Cultura,10,Ambato,4.1,295.5,46.55
2024-03-06,Exposición E,Arte,3,Quito,3.0,221.4,27.23
2024-12-12,Exposición E,Arte,1,Manta,3.7,62.07,12.4
2024-10-08,Concierto A,Música,10,Quito,3.1,694.75,76.85
2024-08-23,Concierto A,Música,10,Quito,4.0,353.4,81.53
2024-07-04,Concierto A,Música,6,Cuenca,3.9,296.1,69.51
2024-09-08,Concierto A,Música,7,Cuenca,4.2,343.53,53.04
2024-06-27,Concierto A,Música,7,Quito,4.8,245.05,69.57
2024-02-05,Conferencia D,Educación,9,Guayaquil,3.9,861.76,208.21
2024-11-19,Obra de Teatro B,Teatro,10,Quito,4.7,288.61,16.02
2024-05-28,Conferencia D,Educación,6,Ambato,3.2,371.97,78.18
2024-01-22,Exposición E,Arte,5,Ambato,4.6,184.22,49.21
2024-07-16,Feria C,Cultura,1,Manta,4.5,64.66,8.89
2024-03-21,Exposición E,Arte,1,Manta,3.0,76.91,20.83
2024-01-08,Obra de Teatro B,Teatro,9,Manta,4.9,554.85,128.02
2024-09-27,Conferencia D,Educación,8,Guayaquil,4.0,484.62,74.87
2024-01-13,Feria C,Cultura,2,Cuenca,4.0,138.63,26.12
2024-03-03,Exposición E,Arte,1,Manta,3.4,69.72,12.75
2024-04-17,Conferencia D,Educación,9,Cuenca,3.1,748.88,151.33
2024-06-16,Obra de Teatro B,Teatro,4,Manta,3.7,165.24,44.92
2024-06-25,Concierto A,Música,2,Guayaquil,3.6,147.9,30.38
2024-07-21,Conferencia D,Educación,7,Ambato,4.8,452.7,79.78
2024-03-02,Exposición E,Arte,3,Cuenca,4.9,222.46,30.79
2024-09-14,Feria C,Cultura,9,Guayaquil,3.7,585.74,97.68
2024-10-25,Feria C,Cultura,10,Guayaquil,3.9,929.95,119.14
2024-11-16,Obra de Teatro B,Teatro,10,Manta,4.8,999.43,150.58
2024-02-12,Obra de Teatro B,Teatro,3,Quito,3.8,248.89,25.94
2024-07-25,Obra de Teatro B,Teatro,4,Quito,3.2,387.17,43.56
2024-09-07,Conferencia D,Educación,5,Manta,3.1,400.82,48.72
2024-11-09,Conferencia D,Educación,4,Guayaquil,3.3,191.93,26.28
2024-04-03,Conferencia D,Educación,3,Cuenca,4.6,247.25,27.71
2024-03-02,Concierto A,Música,1,Ambato,4.4,47.35,3.9
2024-05-19,Feria C,Cultura,7,Quito,4.4,451.22,85.54
2024-11-01,Concierto A,Música,2,Ambato,3.3,90.49,21.84
2024-07-11,Exposición E,Arte,10,Cuenca,4.1,797.19,41.01
2024-06-17,Exposición E,Arte,6,Cuenca,3.5,394.47,56.76
2024-05-04,Concierto A,Música,8,Ambato,5.0,300.52,69.64
2024-09-11,Feria C,Cultura,8,Cuenca,3.7,451.99,49.73
2024-11-14,Feria C,Cultura,3,Cuenca,4.6,67.97,4.14
2024-10-24,Concierto A,Música,6,Manta,4.9,189.42,46.89
2024-08-10,Obra de Teatro B,Teatro,5,Cuenca,4.6,121.62,20.4
2024-02-23,Exposición E,Arte,10,Quito,4.3,877.35,150.33
2024-08-25,Concierto A,Música,6,Cuenca,5.0,556.15,128.49
2024-04-01,Feria C,Cultura,7,Ambato,3.3,346.69,36.29
2024-07-11,Conferencia D,Educación,7,Quito,3.8,674.36,180.24
2024-01-10,Obra de Teatro B,Teatro,8,Cuenca,3.7,347.75,47.75
2024-09-25,Concierto A,Música,2,Manta,3.8,106.03,22.5
2024-11-24,Feria C,Cultura,10,Guayaquil,4.5,725.01,174.15
2024-07-03,Exposición E,Arte,1,Manta,3.8,86.83,13.78
2024-10-15,Feria C,Cultura,2,Guayaquil,4.0,146.89,9.38
2024-03-11,Feria C,Cultura,1,Cuenca,3.4,38.02,5.57
2024-02-23,Obra de Teatro B,Teatro,9,Ambato,3.3,593.23,101.57
2024-03-06,Feria C,Cultura,10,Ambato,4.5,225.55,56.04
2024-04-01,Concierto A,Música,9,Ambato,4.3,228.51,27.47
2024-03-21,Obra de Teatro B,Teatro,5,Cuenca,4.0,201.38,28.13
2024-02-19,Obra de Teatro B,Teatro,2,Manta,4.4,66.19,19.44
2024-08-13,Concierto A,Música,7,Guayaquil,4.5,152.21,22.58
2024-02-12,Exposición E,Arte,4,Quito,4.8,230.92,40.08
2024-10-15,Conferencia D,Educación,1,Quito,4.7,41.81,4.52
2024-01-26,Obra de Teatro B,Teatro,10,Ambato,4.7,552.39,150.72
2024-05-07,Concierto A,Música,5,Guayaquil,3.2,486.23,28.74
2024-01-23,Conferencia D,Educación,1,Guayaquil,4.7,76.35,20.93
2024-12-14,Concierto A,Música,2,Manta,3.2,60.5,5.82
2024-01-24,Exposición E,Arte,10,Manta,3.8,819.96,84.88
2024-07-03,Feria C,Cultura,5,Guayaquil,3.3,312.91,93.55
2024-02-15,Feria C,Cultura,4,Cuenca,3.9,200.89,41.03
2024-02-24,Concierto A,Música,6,Quito,3.4,190.03,12.7
2024-08-04,Exposición E,Arte,2,Cuenca,4.0,57.95,10.21
2024-02-24,Conferencia D,Educación,8,Ambato,4.4,187.88,33.64
2024-01-05,Feria C,Cultura,4,Cuenca,3.8,213.1,59.67
2024-11-21,Obra de Teatro B,Teatro,4,Manta,3.9,295.93,72.02
2024-09-19,Concierto A,Música,1,Ambato,3.9,89.91,16.37
2024-07-12,Concierto A,Música,6,Cuenca,3.3,160.1,30.01
2024-10-27,Concierto A,Música,9,Cuenca,3.0,235.58,45.49
2024-03-25,Feria C,Cultura,9,Guayaquil,4.7,859.16,112.63
2024-03-24,Obra de Teatro B,Teatro,1,Guayaquil,4.5,90.35,21.94
2024-07-19,Conferencia D,Educación,4,Ambato,3.1,258.11,41.67
2024-09-08,Conferencia D,Educación,7,Guayaquil,4.6,508.39,92.04
2024-03-17,Concierto A,Música,1,Quito,3.6,56.37,16.85
2024-03-23,Conferencia D,Educación,10,Ambato,4.4,329.95,65.96
2024-09-02,Concierto A,Música,1,Quito,3.6,74.49,9.83
2024-05-06,Obra de Teatro B,Teatro,9,Manta,3.2,709.6,52.43
2024-02-21,Concierto A,Música,10,Cuenca,4.8,824.62,230.24
2024-04-26,Concierto A,Música,7,Cuenca,4.8,404.33,85.1
2024-12-12,Exposición E,Arte,2,Guayaquil,3.7,62.81,3.39
2024-11-25,Exposición E,Arte,8,Quito,4.0,751.88,201.47
2024-02-12,Obra de Teatro B,Teatro,7,Cuenca,4.5,185.05,17.09
2024-10-26,Conferencia D,Educación,10,Manta,3.6,916.72,73.39
2024-04-21,Concierto A,Música,10,Quito,3.2,750.38,104.16
2024-02-12,Conferencia D,Educación,8,Manta,3.8,374.97,82.98
2024-06-10,Conferencia D,Educación,7,Manta,3.7,450.94,30.36
2024-06-25,Exposición E,Arte,5,Cuenca,4.8,136.48,20.42
2024-08-22,Conferencia D,Educación,3,Manta,3.6,213.58,56.14
2024-06-07,Feria C,Cultura,9,Cuenca,4.9,643.98,135.39
2024-01-09,Concierto A,Música,2,Guayaquil,4.0,55.26,9.98
2024-06-07,Concierto A,Música,4,Ambato,4.0,116.97,24.53
2024-06-01,Exposición E,Arte,8,Ambato,3.1,511.76,121.51
2024-01-04,Exposición E,Arte,10,Quito,4.4,418.45,121.69
2024-03-03,Conferencia D,Educación,6,Quito,4.3,440.32,87.81
2024-11-15,Feria C,Cultura,4,Ambato,4.9,240.13,70.23
2024-06-11,Exposición E,Arte,10,Guayaquil,3.2,478.29,118.34
2024-09-17,Concierto A,Música,8,Ambato,4.4,633.99,113.87
2024-11-05,Concierto A,Música,5,Guayaquil,3.6,255.4,47.29
2024-09-22,Feria C,Cultura,4,Guayaquil,4.4,331.58,28.61
2024-02-17,Feria C,Cultura,10,Cuenca,3.4,704.84,138.56
2024-12-08,Obra de Teatro B,Teatro,5,Ambato,3.3,275.87,43.72
2024-01-21,Concierto A,Música,6,Manta,3.1,434.62,95.31
2024-11-24,Conferencia D,Educación,7,Cuenca,4.9,345.7,39.43
2024-02-10,Conferencia D,Educación,9,Quito,3.1,385.67,110.33
2024-06-22,Obra de Teatro B,Teatro,8,Ambato,3.7,658.15,144.93
2024-02-06,Feria C,Cultura,2,Ambato,4.4,97.03,5.7
2024-01-25,Obra de Teatro B,Teatro,2,Ambato,3.1,79.37,10.52
2024-09-23,Obra de Teatro B,Teatro,3,Ambato,3.3,199.18,45.78
2024-02-24,Concierto A,Música,2,Quito,3.9,168.34,45.2
2024-03-01,Conferencia D,Educación,8,Cuenca,3.6,759.38,84.44
2024-09-27,Concierto A,Música,7,Cuenca,4.6,499.87,91.67
2024-01-26,Conferencia D,Educación,5,Guayaquil,3.6,235.53,52.16
2024-08-19,Obra de Teatro B,Teatro,5,Cuenca,4.4,358.99,38.37
2024-10-04,Exposición E,Arte,1,Ambato,4.0,65.17,4.9
2024-11-05,Concierto A,Música,7,Ambato,4.2,552.34,159.36
2024-05-12,Concierto A,Música,5,Quito,4.3,148.6,14.86
2024-08-07,Obra de Teatro B,Teatro,9,Manta,3.1,788.42,118.65
2024-11-08,Obra de Teatro B,Teatro,8,Quito,3.5,628.9,113.62
2024-12-26,Obra de Teatro B,Teatro,5,Cuenca,3.3,443.86,111.06
2024-03-01,Concierto A,Música,9,Manta,4.0,351.11,83.41
2024-02-23,Obra de Teatro B,Teatro,1,Guayaquil,3.0,63.31,11.89
2024-12-23,Concierto A,Música,3,Quito,4.5,293.71,68.38
2024-01-28,Feria C,Cultura,6,Manta,3.2,364.04,89.89
2024-11-21,Obra de Teatro B,Teatro,6,Manta,4.5,285.71,63.38
2024-10-27,Concierto A,Música,6,Manta,4.4,451.87,107.97
2024-02-17,Exposición E,Arte,7,Cuenca,3.6,173.43,23.96
2024-01-20,Obra de Teatro B,Teatro,4,Guayaquil,3.5,107.15,26.64
2024-03-10,Conferencia D,Educación,4,Cuenca,4.3,236.02,30.37
2024-01-21,Exposición E,Arte,7,Ambato,3.7,394.92,111.06
2024-02-08,Feria C,Cultura,3,Quito,3.6,114.99,20.74
2024-12-17,Feria C,Cultura,1,Guayaquil,3.9,86.69,11.13
2024-12-26,Concierto A,Música,8,Quito,3.2,293.07,79.47
2024-02-11,Exposición E,Arte,10,Cuenca,4.9,658.72,176.86
2024-03-26,Obra de Teatro B,Teatro,4,Ambato,3.1,105.86,19.35
2024-09-19,Obra de Teatro B,Teatro,2,Quito,3.6,163.57,46.68
2024-10-13,Concierto A,Música,6,Guayaquil,4.5,413.72,102.97
2024-03-16,Concierto A,Música,6,Quito,4.6,148.88,25.87
2024-12-09,Feria C,Cultura,4,Ambato,3.3,399.06,113.32
2024-03-18,Concierto A,Música,9,Cuenca,3.4,797.05,114.28
2024-01-23,Obra de Teatro B,Teatro,4,Manta,4.1,236.1,64.26
2024-09-04,Conferencia D,Educación,8,Ambato,3.1,427.89,102.0
2024-09-06,Obra de Teatro B,Teatro,2,Guayaquil,4.7,182.3,35.67
2024-02-22,Feria C,Cultura,3,Ambato,3.8,198.91,59.28
2024-01-08,Feria C,Cultura,3,Ambato,4.0,150.54,35.86
2024-11-01,Feria C,Cultura,2,Guayaquil,4.6,133.79,37.97
2024-10-19,Feria C,Cultura,5,Manta,3.8,228.86,60.17
2024-04-15,Conferencia D,Educación,8,Cuenca,4.8,709.51,41.28
2024-12-03,Concierto A,Música,6,Quito,4.9,195.49,58.47
2024-11-06,Obra de Teatro B,Teatro,5,Quito,3.6,346.24,88.05
2024-03-09,Obra de Teatro B,Teatro,5,Manta,3.6,289.68,36.22
2024-06-21,Obra de Teatro B,Teatro,1,Cuenca,4.9,45.95,4.82
2024-03-03,Concierto A,Música,7,Manta,3.5,215.22,40.54
2024-06-24,Conferencia D,Educación,5,Ambato,4.0,300.08,33.28
2024-05-26,Obra de Teatro B,Teatro,3,Guayaquil,4.1,185.88,44.97
2024-08-10,Conferencia D,Educación,6,Manta,4.3,360.06,84.49
2024-05-12,Obra de Teatro B,Teatro,8,Ambato,3.7,220.4,59.98
2024-11-21,Exposición E,Arte,8,Manta,4.0,283.6,20.31
2024-02-05,Obra de Teatro B,Teatro,3,Ambato,5.0,61.46,8.36
2024-05-01,Feria C,Cultura,8,Ambato,3.0,257.22,35.3
2024-09-28,Conferencia D,Educación,1,Manta,4.2,54.39,3.99
2024-07-04,Exposición E,Arte,4,Quito,4.0,140.59,33.18
2024-02-18,Concierto A,Música,5,Manta,3.5,153.57,26.41
2024-09-27,Conferencia D,Educación,4,Manta,4.9,282.68,41.34
2024-07-24,Concierto A,Música,9,Ambato,3.8,244.71,59.92
2024-04-06,Exposición E,Arte,7,Ambato,3.4,699.5,140.67
2024-06-01,Feria C,Cultura,1,Quito,3.9,76.67,14.14
2024-04-03,Obra de Teatro B,Teatro,6,Cuenca,3.8,511.36,56.43
2024-03-02,Conferencia D,Educación,4,Ambato,4.0,226.76,63.68
2024-06-19,Conferencia D,Educación,8,Cuenca,3.3,162.79,21.52
2024-04-25,Exposición E,Arte,5,Cuenca,4.7,224.89,32.31
2024-05-09,Feria C,Cultura,5,Cuenca,3.2,320.83,22.11
2024-03-12,Conferencia D,Educación,5,Quito,4.0,313.34,52.01
2024-04-17,Concierto A,Música,1,Ambato,4.4,77.41,6.63
2024-04-16,Exposición E,Arte,1,Ambato,3.2,44.79,13.25
2024-09-06,Exposición E,Arte,10,Guayaquil,4.3,372.09,90.41
2024-10-06,Exposición E,Arte,10,Manta,4.7,942.9,71.52
2024-12-28,Obra de Teatro B,Teatro,5,Quito,4.7,276.03,13.92
2024-10-28,Conferencia D,Educación,10,Ambato,3.5,274.91,62.21
2024-11-02,Exposición E,Arte,2,Quito,4.6,45.25,7.43
2024-11-20,Exposición E,Arte,10,Quito,3.3,702.18,209.41
2024-08-09,Exposición E,Arte,4,Quito,4.3,193.81,19.39
2024-02-23,Feria C,Cultura,1,Quito,4.1,76.74,20.68
2024-08-23,Exposición E,Arte,10,Guayaquil,3.6,647.83,134.4
2024-07-15,Concierto A,Música,9,Cuenca,4.2,697.9,40.16
2024-06-21,Feria C,Cultura,4,Ambato,4.3,386.67,57.61
2024-06-23,Obra de Teatro B,Teatro,5,Manta,3.8,444.8,106.82
2024-02-02,Conferencia D,Educación,9,Guayaquil,3.6,524.71,66.05
2024-09-26,Feria C,Cultura,1,Ambato,3.1,91.84,6.98
2024-11-02,Conferencia D,Educación,4,Cuenca,4.9,167.2,45.01
2024-09-05,Obra de Teatro B,Teatro,1,Cuenca,4.0,67.4,4.98
2024-03-28,Obra de Teatro B,Teatro,1,Ambato,3.2,38.91,7.51
2024-03-26,Conferencia D,Educación,7,Guayaquil,3.9,670.29,47.76
2024-11-01,Exposición E,Arte,6,Guayaquil,4.2,584.19,166.07
2024-12-08,Exposición E,Arte,10,Guayaquil,4.8,665.57,124.81
2024-05-16,Concierto A,Música,7,Ambato,3.6,262.85,28.39
2024-01-15,Feria C,Cultura,5,Manta,4.4,281.69,21.12
2024-11-20,Conferencia D,Educación,8,Ambato,3.6,291.37,82.44
2024-09-07,Concierto A,Música,8,Guayaquil,4.2,272.34,58.65
2024-10-14,Concierto A,Música,6,Ambato,4.7,388.23,66.43
2024-10-26,Feria C,Cultura,2,Ambato,3.2,194.8,18.81
2024-08-25,Feria C,Cultura,5,Cuenca,3.9,417.54,91.08
2024-05-01,Feria C,Cultura,3,Quito,4.5,254.24,72.85
2024-06-21,Exposición E,Arte,2,Manta,4.5,51.05,14.0
2024-06-27,Concierto A,Música,2,Guayaquil,3.3,196.02,14.6
2024-07-25,Obra de Teatro B,Teatro,10,Quito,3.3,913.09,220.63
2024-05-03,Feria C,Cultura,9,Quito,4.4,260.44,60.63
2024-10-10,Conferencia D,Educación,3,Manta,3.2,255.21,54.44
2024-04-03,Feria C,Cultura,4,Guayaquil,3.1,241.2,35.08
2024-01-01,Obra de Teatro B,Teatro,3,Quito,4.2,228.21,28.73
2024-08-25,Obra de Teatro B,Teatro,9,Manta,4.7,226.83,19.6
2024-12-18,Feria C,Cultura,1,Guayaquil,3.3,99.07,24.19
2024-01-16,Exposición E,Arte,8,Quito,4.6,295.18,41.06
2024-09-09,Feria C,Cultura,10,Ambato,3.7,477.31,87.92
2024-01-26,Concierto A,Música,4,Cuenca,4.0,343.9,24.32
2024-07-10,Conferencia D,Educación,1,Manta,3.3,60.44,4.14
2024-04-11,Feria C,Cultura,8,Cuenca,3.3,478.97,139.99
2024-11-26,Obra de Teatro B,Teatro,8,Guayaquil,4.6,573.87,155.58
2024-01-19,Obra de Teatro B,Teatro,1,Ambato,4.9,87.35,21.7
2024-03-20,Conferencia D,Educación,4,Manta,4.0,113.06,13.89
2024-12-01,Exposición E,Arte,1,Guayaquil,4.6,56.88,4.53
2024-04-10,Feria C,Cultura,3,Cuenca,4.6,237.11,52.63
2024-07-04,Exposición E,Arte,8,Cuenca,4.7,641.92,40.7
2024-06-27,Exposición E,Arte,6,Ambato,4.4,389.54,60.46
2024-07-26,Conferencia D,Educación,1,Ambato,4.0,73.89,11.79
2024-10-19,Conferencia D,Educación,4,Guayaquil,3.9,282.92,47.06
2024-11-26,Concierto A,Música,8,Cuenca,4.6,398.62,63.27
2024-10-11,Exposición E,Arte,8,Quito,3.2,437.26,89.59
2024-10-16,Feria C,Cultura,8,Manta,4.2,445.43,60.43
2024-07-26,Exposición E,Arte,10,Ambato,4.7,213.67,27.72
2024-09-17,Exposición E,Arte,9,Ambato,3.6,557.95,30.99
2024-07-10,Obra de Teatro B,Teatro,3,Quito,3.4,155.21,28.53
2024-06-09,Feria C,Cultura,5,Ambato,4.9,265.28,21.47
2024-07-21,Obra de Teatro B,Teatro,3,Ambato,4.0,279.41,53.71
2024-05-15,Conferencia D,Educación,8,Manta,3.7,227.8,38.7
2024-04-10,Conferencia D,Educación,1,Quito,3.2,32.12,7.86
2024-10-13,Feria C,Cultura,10,Quito,4.4,858.0,168.96
2024-11-05,Exposición E,Arte,10,Cuenca,3.7,562.23,44.86
2024-12-28,Feria C,Cultura,1,Ambato,3.2,89.46,18.44
2024-05-15,Feria C,Cultura,3,Quito,4.5,136.74,40.51
2024-01-16,Concierto A,Música,4,Guayaquil,4.7,129.89,12.68
2024-01-16,Feria C,Cultura,4,Manta,3.4,327.43,80.81
2024-10-16,Concierto A,Música,7,Ambato,3.5,532.61,150.03
2024-05-27,Obra de Teatro B,Teatro,7,Manta,3.4,365.67,82.37
2024-09-11,Concierto A,Música,3,Manta,3.8,113.89,13.68
2024-03-13,Feria C,Cultura,7,Cuenca,4.9,272.57,45.06
2024-02-05,Obra de Teatro B,Teatro,2,Cuenca,3.1,65.24,15.91
2024-03-25,Exposición E,Arte,3,Cuenca,3.5,165.13,28.11
2024-01-13,Feria C,Cultura,5,Cuenca,4.4,122.42,32.73
2024-01-22,Obra de Teatro B,Teatro,4,Ambato,3.1,229.66,67.9
2024-02-24,Concierto A,Música,2,Manta,4.5,96.68,13.79
2024-04-07,Conferencia D,Educación,7,Quito,3.1,203.98,54.5
2024-05-25,Conferencia D,Educación,2,Quito,3.1,73.92,6.99
2024-11-20,Feria C,Cultura,2,Manta,3.1,132.43,11.64
2024-08-18,Exposición E,Arte,4,Ambato,3.2,300.15,69.91
2024-07-15,Obra de Teatro B,Teatro,8,Quito,4.1,467.22,75.77
2024-05-15,Obra de Teatro B,Teatro,5,Cuenca,3.5,254.46,74.58
2024-01-09,Feria C,Cultura,6,Manta,4.5,476.65,139.71
2024-02-16,Obra de Teatro B,Teatro,2,Cuenca,5.0,145.34,14.32
2024-07-27,Obra de Teatro B,Teatro,9,Manta,4.1,536.6,34.19
2024-12-21,Feria C,Cultura,9,Manta,4.4,477.9,65.63
2024-08-02,Feria C,Cultura,4,Quito,3.7,267.06,36.76
2024-08-22,Feria C,Cultura,2,Manta,3.7,116.59,13.75
2024-06-17,Conferencia D,Educación,5,Guayaquil,3.2,326.21,59.95
2024-12-23,Conferencia D,Educación,3,Quito,3.9,155.04,12.31
2024-03-14,Conferencia D,Educación,10,Guayaquil,3.6,600.47,145.83
2024-06-12,Exposición E,Arte,1,Manta,3.0,64.11,12.19
2024-01-27,Conferencia D,Educación,2,Manta,3.7,88.2,9.16
2024-09-08,Concierto A,Música,3,Quito,4.2,123.44,9.38
2024-01-18,Concierto A,Música,1,Guayaquil,3.7,97.62,6.45
2024-06-26,Exposición E,Arte,2,Ambato,3.3,90.77,23.78
2024-01-14,Feria C,Cultura,3,Cuenca,3.9,208.16,19.01
2024-06-17,Obra de Teatro B,Teatro,3,Quito,4.1,62.83,6.6
2024-01-04,Conferencia D,Educación,2,Manta,4.2,79.99,20.9
2024-06-15,Concierto A,Música,7,Quito,4.3,365.93,68.89
2024-01-03,Concierto A,Música,7,Cuenca,3.4,552.78,131.3
2024-08-15,Exposición E,Arte,3,Guayaquil,4.0,107.76,27.32
2024-01-22,Feria C,Cultura,6,Manta,4.2,261.61,51.17
2024-02-07,Exposición E,Arte,3,Cuenca,5.0,198.32,13.1
2024-07-23,Conferencia D,Educación,8,Manta,4.8,493.63,73.55
2024-02-08,Obra de Teatro B,Teatro,7,Quito,3.9,488.26,140.55
2024-11-18,Feria C,Cultura,8,Cuenca,3.5,659.7,140.02
2024-05-26,Exposición E,Arte,7,Guayaquil,4.4,652.35,194.1
2024-10-07,Exposición E,Arte,2,Guayaquil,4.9,51.98,12.29
2024-03-10,Feria C,Cultura,3,Ambato,3.8,139.63,12.39
2024-02-26,Obra de Teatro B,Teatro,10,Quito,3.8,406.55,21.94
2024-08-17,Feria C,Cultura,10,Quito,4.8,276.87,53.14
2024-09-06,Exposición E,Arte,1,Ambato,4.0,36.89,6.91
2024-10-02,Feria C,Cultura,4,Guayaquil,4.7,384.04,82.35
2024-09-05,Exposición E,Arte,5,Cuenca,4.4,343.04,78.02
2024-01-22,Obra de Teatro B,Teatro,6,Cuenca,4.7,145.45,42.36
2024-09-01,Exposición E,Arte,2,Ambato,4.5,100.05,27.72
2024-06-02,Conferencia D,Educación,4,Manta,4.3,275.23,61.53
2024-09-03,Feria C,Cultura,8,Cuenca,4.4,735.04,195.11
2024-01-10,Obra de Teatro B,Teatro,6,Ambato,3.9,128.92,15.63
